Name,SEQUENCE,Mean Intensity,Probe,Log Intensity,12mer,10mer,8mer,6mer,new_label
Unbound_Myc2_090,GTACACAATTTTTTACAAAATTTAAATTAAAACAAA,932,Unbound,6.837332814685591,TTACAAAATTTA,TACAAAATTT,ACAAAATT,CAAAAT,unbound
Unbound_Myc1_033,GCAGCCGAGGCGGAGAGAGAGAGAGGACAGCTTACG,1093,Unbound,6.996681488176539,GAGAGAGAGAGA,AGAGAGAGAG,GAGAGAGA,AGAGAG,unbound
Unbound_Myc2_021,AGCTTTCTCCACAAATTGATTTGGAACATTGACTCT,1113,Unbound,7.014814351275545,AAATTGATTTGG,AATTGATTTG,ATTGATTT,TTGATT,unbound
Unbound_Myc1_067,CCTTCCCCAGAGCCGGCTGCCCTCTCCTGCTGCCTG,1289,Unbound,7.161622002939187,CCGGCTGCCCTC,CGGCTGCCCT,GGCTGCCC,GCTGCC,unbound
Bound_021484_001_000,CGGGCCCTGACCCCTCGCGTGCCCCGCCCCCGCAGG,1447,Bound,7.277247726631484,CCTCGCGTGCCC,CTCGCGTGCC,TCGCGTGC,CGCGTG,unbound
Bound_012260_010_000,CTTCCGTAGGGCCGGCACGCTGGCCCTGACACACTT,1545,Bound,7.342779189331845,CGGCACGCTGGC,GGCACGCTGG,GCACGCTG,CACGCT,unbound
Bound_013011_111_101,TGTGCGAGTTCTGCGCACGCGCAGCCAGCTGCCCGC,1786,Bound,7.487733761436444,GCGCACGCGCAG,CGCACGCGCA,GCACGCGC,CACGCG,unbound
Bound_012090_010_000,TCCACCCTTCTCCCCAGCGTGCTGTACTGCTGGGGA,1881,Bound,7.53955882930103,CCCAGCGTGCTG,CCAGCGTGCT,CAGCGTGC,AGCGTG,unbound
Bound_019771_001_001,GACGGCCGGCGGTCACACATGCCACACCCCCAAGCC,2197,Bound,7.69484807238461,TCACACATGCCA,CACACATGCC,ACACATGC,CACATG,unbound
Bound_023217_001_001,TCTTGGCCCCGCCCCCTCGTGGGAGCAGGTCCTGGC,2327,Bound,7.752335163302292,CCCCTCGTGGGA,CCCTCGTGGG,CCTCGTGG,CTCGTG,weak
Bound_027820_001_000,GCCGCACTCTTCACCCGCATGTCCAGAGGGCGGCCG,2506,Bound,7.826443135456014,ACCCGCATGTCC,CCCGCATGTC,CCGCATGT,CGCATG,weak
Bound_020202_100_100,GCTACAGGGCCCGGTCACGAGGCCAACGTAGCTCCA,2773,Bound,7.927685045615778,GGTCACGAGGCC,GTCACGAGGC,TCACGAGG,CACGAG,weak
Unbound_Myc1_054,CCTAGGATTCCCAGGCAGTTTTACAGCTACCCTGGA,952,Unbound,6.858565034791365,AGGCAGTTTTAC,GGCAGTTTTA,GCAGTTTT,CAGTTT,unbound
Unbound_Myc1_132,TAAGGGGTGACCCAGCCGCTGCAGAGCCAGGGAAGG,1085,Unbound,6.98933526597456,CAGCCGCTGCAG,AGCCGCTGCA,GCCGCTGC,CCGCTG,unbound
Unbound_Myc1_027,TCTCTGGCCTCGGGTAACTTTTCCCTCCAGTTTGGT,1185,Unbound,7.077498053569231,GGTAACTTTTCC,GTAACTTTTC,TAACTTTT,AACTTT,unbound
Unbound_Myc2_061,GAGGCATCCGTGAAGACAAAGATATCTGAGAGTGGA,1232,Unbound,7.116394144093465,AAGACAAAGATA,AGACAAAGAT,GACAAAGA,ACAAAG,unbound
Unbound_Myc2_054,AACCCTAACCCCTACCCCTAACCCCTAACCCTTACC,1397,Unbound,7.242082359256962,TACCCCTAACCC,ACCCCTAACC,CCCCTAAC,CCCTAA,unbound
Unbound_Myc1_144,AGAGGGGCCGGATGAGCCACTGGAGATCGAGTGCAG,1573,Unbound,7.360739903058278,TGAGCCACTGGA,GAGCCACTGG,AGCCACTG,GCCACT,unbound
Unbound_Myc2_053,AAAAAGTTCTGTGGTTTGCCCTTAAAATGCCTCAAG,1706,Unbound,7.441906728051625,GGTTTGCCCTTA,GTTTGCCCTT,TTTGCCCT,TTGCCC,unbound
Bound_022056_010_000,AATACTGTAGATCGCAGCATGTAAGGACTAACCCAG,1941,Bound,7.57095858316901,CGCAGCATGTAA,GCAGCATGTA,CAGCATGT,AGCATG,unbound
Bound_007030_000_001,CTGAGACTGCGGCTGCATGTGGGAAAGGTCTTGTGG,2043,Bound,7.622174594817622,CTGCATGTGGGA,TGCATGTGGG,GCATGTGG,CATGTG,unbound
Bound_017780_000_001,AAGCGGGCCGCAGCCAACGTGCGGCGCCCGCACCGC,2346,Bound,7.76046702921342,GCCAACGTGCGG,CCAACGTGCG,CAACGTGC,AACGTG,weak
Bound_021969_010_000,AGCAGGCCTATCAGCCACGTTGACAACCCTGGATGA,2599,Bound,7.86288203464149,AGCCACGTTGAC,GCCACGTTGA,CCACGTTG,CACGTT,weak
Bound_013132_010_000,CTCTTAAACACTCACCATGCTGCTCTTACTCCGGAG,2733,Bound,7.913155185928068,CACCATGCTGCT,ACCATGCTGC,CCATGCTG,CATGCT,weak
Unbound_Myc1_150,CCAGCCTGGACCGCCCCTGTGGGCTCCACTCCCCTC,956,Unbound,6.862757913051401,GCCCCTGTGGGC,CCCCTGTGGG,CCCTGTGG,CCTGTG,unbound
Unbound_Myc2_046,CACTCCACTCCAGTTCACTCTATTCAGTTCCACTCC,1063,Unbound,6.968850378341948,GTTCACTCTATT,TTCACTCTAT,TCACTCTA,CACTCT,unbound
Unbound_Myc1_068,CTCAGGCCCCAGGTCTCAGAGCCTGGTCTCAGGCCT,1135,Unbound,7.034387929915503,GTCTCAGAGCCT,TCTCAGAGCC,CTCAGAGC,TCAGAG,unbound
Unbound_Myc1_102,CACAGAAATACAGGAAGCAATAATGAGTTTCATAAG,1268,Unbound,7.145196134997171,GGAAGCAATAAT,GAAGCAATAA,AAGCAATA,AGCAAT,unbound
Unbound_Myc1_086,GGTCCTCCCCTAGCGGAGGCGGCCTCCGCTTGATGG,1472,Unbound,7.294377299288821,GCGGAGGCGGCC,CGGAGGCGGC,GGAGGCGG,GAGGCG,unbound
Unbound_Myc2_142,AACAAAACAAAACAAAACAAAACAAAACAAAACAAA,1549,Unbound,7.345364840416867,CAAAACAAAACA,AAAACAAAAC,AAACAAAA,AACAAA,unbound
Unbound_Myc1_077,ACTTGCTGGGAAGGGCGGGACTGGCTCTGCTCGCCC,1767,Unbound,7.477038472319696,GGGCGGGACTGG,GGCGGGACTG,GCGGGACT,CGGGAC,unbound
Unbound_Myc1_090,TGAGGTTTCTGGGATTCTTGCTTTTCCTGCCTCAGT,1809,Unbound,7.500529485395295,GATTCTTGCTTT,ATTCTTGCTT,TTCTTGCT,TCTTGC,unbound
Unbound_Myc1_113,CAGCGCAGGGTCCGGGTTCGCTGGGAGGCCGGCGGC,2017,Unbound,7.6093665379542115,CGGGTTCGCTGG,GGGTTCGCTG,GGTTCGCT,GTTCGC,unbound
Bound_010216_010_000,TGTGAAGGGACTTTCCACATGGGACTTCAGTCACAG,3007,Bound,8.008698182988528,TTCCACATGGGA,TCCACATGGG,CCACATGG,CACATG,weak
Bound_011682_001_000,GCCAAGCAGTGCTTCCACGAGGAGGTGGAGCAGGGC,3475,Bound,8.153349757998892,TTCCACGAGGAG,TCCACGAGGA,CCACGAGG,CACGAG,weak
Bound_024490_010_000,GATGATAATATATGACATGTGCCCCAGAAAGCAGGA,3978,Bound,8.288534459413917,TGACATGTGCCC,GACATGTGCC,ACATGTGC,CATGTG,weak
Bound_023692_001_001,AGAGCCGGATTCTCCCTCGTGGGTGGCTACAGGATA,4267,Bound,8.358666283188,TCCCTCGTGGGT,CCCTCGTGGG,CCTCGTGG,CTCGTG,weak
Bound_006050_001_000,GCCCGGCCCCCACCCCACGCGGCGCTGGAGGCCGCG,4574,Bound,8.428143374582726,CCCCACGCGGCG,CCCACGCGGC,CCACGCGG,CACGCG,weak
Bound_008016_100_000,GCCATCTATTGCCACCATGCGGCTTCCCAGTGAAAC,5413,Bound,8.596558746796978,CACCATGCGGCT,ACCATGCGGC,CCATGCGG,CATGCG,weak
Bound_014627_001_000,CCGGCGCGCGGCTTCCGCGTGGCAGGCCGCCCCGCT,5787,Bound,8.663369301573839,TTCCGCGTGGCA,TCCGCGTGGC,CCGCGTGG,CGCGTG,weak
Bound_012264_001_000,GGGGCTCTGCCGTGGCACGTGCAGCGTCTGTCCCCC,6408,Bound,8.765302488748196,TGGCACGTGCAG,GGCACGTGCA,GCACGTGC,CACGTG,weak
Bound_025290_001_001,GCAATCGGGGCGGGCCGCATGGAGGCGGGGCGGGAG,6978,Bound,8.85051762174672,GGCCGCATGGAG,GCCGCATGGA,CCGCATGG,CGCATG,weak
Bound_019485_100_000,AATAACAGTGCCTACCTCATGGGCAAGTGAGGATTA,3164,Bound,8.059592328887545,TACCTCATGGGC,ACCTCATGGG,CCTCATGG,CTCATG,weak
Bound_019280_011_000,TCCCTCATTATTCTCCACGTTGGTATCTTGAGAGGG,3524,Bound,8.16735198705607,CTCCACGTTGGT,TCCACGTTGG,CCACGTTG,CACGTT,weak
Bound_006070_010_000,TTCATCTCCACAAACAACGTGGGTAGGATAGGCGCT,3953,Bound,8.282230063296685,AACAACGTGGGT,ACAACGTGGG,CAACGTGG,AACGTG,weak
Bound_024206_100_000,CCACCATCTTGACACCATGAGGTAACAATAAAAGAA,4065,Bound,8.310169021981912,CACCATGAGGTA,ACCATGAGGT,CCATGAGG,CATGAG,weak
Bound_023958_000_010,ACACCCTCCCCGCCCCATGCTGCCCACCCGCTGAGG,5411,Bound,8.596189197642735,CCCCATGCTGCC,CCCATGCTGC,CCATGCTG,CATGCT,weak
Bound_015462_001_001,CGGGGCGGGGCGGGCAGCGTGGTCGCGGCCCGGGCC,5817,Bound,8.668539943910762,GGCAGCGTGGTC,GCAGCGTGGT,CAGCGTGG,AGCGTG,weak
Bound_002510_001_001,AGTGGCTGGTTCCGCCACGCTGCCGGAAAGCGCCCC,3034,Bound,8.017637159908478,CGCCACGCTGCC,GCCACGCTGC,CCACGCTG,CACGCT,weak
Bound_008554_010_000,GATGGGCAGTCTGGCAGCATGGTGCCACAAGATAGG,3590,Bound,8.185907481482324,GGCAGCATGGTG,GCAGCATGGT,CAGCATGG,AGCATG,weak
Unbound_Myc2_147,TTAGAAAAATAGTTTAAAATCTAGAGTTAATTAACC,2989,Unbound,8.002694162283937,TTTAAAATCTAG,TTAAAATCTA,TAAAATCT,AAAATC,weak
Bound_006123_000_100,GCAAGGTGGTCCGGACATGTGAGCAACACAAATGAT,3026,Bound,8.014996894348302,GGACATGTGAGC,GACATGTGAG,ACATGTGA,CATGTG,weak
Bound_020267_111_101,TACGGCAATGCAGGCCACGCGTCTGATCCCAAACGA,3319,Bound,8.107418811719974,GGCCACGCGTCT,GCCACGCGTC,CCACGCGT,CACGCG,weak
Bound_022219_101_101,GGCGGGGTGACGGGGCACGAGGCCGGGATTCCACCG,3872,Bound,8.261526448396468,GGGCACGAGGCC,GGCACGAGGC,GCACGAGG,CACGAG,weak
Bound_008275_110_000,ATCAACTCTGGGTCCCATGTGCACAGACTGCATACC,4191,Bound,8.340694647925071,TCCCATGTGCAC,CCCATGTGCA,CCATGTGC,CATGTG,weak
Bound_002244_010_000,TCCAAGTCTCCTTAGCACATGTTTATAACAAGTACC,4769,Bound,8.469891918298224,TAGCACATGTTT,AGCACATGTT,GCACATGT,CACATG,weak
Bound_021877_110_000,CTGCAGGATGACTCACACGTGCCGTGCCTGCCTCGC,5055,Bound,8.528133131454572,TCACACGTGCCG,CACACGTGCC,ACACGTGC,CACGTG,weak
Bound_012941_010_000,GATGAAGCAAGCCACCATGTGGTGAGCTGCCCTACT,5645,Bound,8.638525476583762,CACCATGTGGTG,ACCATGTGGT,CCATGTGG,CATGTG,weak
Bound_006742_111_000,CTGGTGGCAGCCTAGCACATGGGACCCACCCACCAC,6281,Bound,8.74528448245438,TAGCACATGGGA,AGCACATGGG,GCACATGG,CACATG,weak
Bound_019232_110_110,CTCAGGGCAGTTGGGCACGTGGGGTCCGGCTGGTTG,7097,Bound,8.867427438524983,GGGCACGTGGGG,GGCACGTGGG,GCACGTGG,CACGTG,weak
Bound_013106_001_001,GGCCGCGCGCGCGCGCGCGTGGCCGCCGGTCCCTCC,7980,Bound,8.984693690443855,GCGCGCGTGGCC,CGCGCGTGGC,GCGCGTGG,CGCGTG,weak
Bound_007224_111_101,AGGATGAAGGGAGGACACGAGGGTCGGTGTAGTTCT,3019,Bound,8.012680929706839,GGACACGAGGGT,GACACGAGGG,ACACGAGG,CACGAG,weak
Bound_012467_001_000,GGGCCGAGCCGGCGCCTCGTGCGCTTGCGGGGTGCA,3479,Bound,8.154500175151941,CGCCTCGTGCGC,GCCTCGTGCG,CCTCGTGC,CTCGTG,weak
Bound_016617_111_001,TGCCCTGAGCGGCGCCACGCGCTCTCAGCGGGAGGG,3667,Bound,8.207129168071326,CGCCACGCGCTC,GCCACGCGCT,CCACGCGC,CACGCG,weak
Bound_008286_100_100,TCCGCTTGTACGGAACGCGTGTCCAAGAGGGAAGGC,4347,Bound,8.377241230988792,GAACGCGTGTCC,AACGCGTGTC,ACGCGTGT,CGCGTG,weak
Bound_001204_110_000,TTAAGACAGTCATGCCACATGTATAAACCAAATGCT,4755,Bound,8.46695197497949,TGCCACATGTAT,GCCACATGTA,CCACATGT,CACATG,weak
Bound_001671_000_001,ACCAGGACCGACCCCCGCGTGGGATACGGGGCCTGC,8558,Bound,9.054621796976765,CCCCGCGTGGGA,CCCGCGTGGG,CCGCGTGG,CGCGTG,strong
Bound_011192_110_000,TCCCACTCCAGCTGACACGTGCCAGCCTCCCAACCA,9362,Bound,9.144414221860016,TGACACGTGCCA,GACACGTGCC,ACACGTGC,CACGTG,strong
Bound_020717_010_000,GATGAAGGGGTGGGCCACATGGTCATTAGTCTTTTT,10112,Bound,9.221478116386638,GGCCACATGGTC,GCCACATGGT,CCACATGG,CACATG,strong
Bound_013527_001_000,ATCGCTAACATCTGCCATGTGGTCCTTACTGCAAAT,10960,Bound,9.302007560502007,TGCCATGTGGTC,GCCATGTGGT,CCATGTGG,CATGTG,strong
Bound_015379_101_000,CTGATTCCCTCCCACCACGCGGTTCCCAGGCTCGCG,12373,Bound,9.423271958213975,CACCACGCGGTT,ACCACGCGGT,CCACGCGG,CACGCG,strong
Bound_027694_001_100,GGCTCCGCCCCCGCCCATGCGGTCCCTCCAGGCGGG,8275,Bound,9.020994200245264,GCCCATGCGGTC,CCCATGCGGT,CCATGCGG,CATGCG,strong
Bound_023418_001_000,AACCACTCGACTGACCTCGTGGTCAAATTCCTTACT,9625,Bound,9.172119159155985,GACCTCGTGGTC,ACCTCGTGGT,CCTCGTGG,CTCGTG,strong
Bound_027691_110_000,CCACCACAAAGCAGCCACGTTGTGTGTGTGTGTGTG,10328,Bound,9.242613932526478,AGCCACGTTGTG,GCCACGTTGT,CCACGTTG,CACGTT,strong
Bound_003754_001_001,CCCCCACTTCAACACCACGAGGCCCCGCCCCCACTT,8244,Bound,9.01724094201035,CACCACGAGGCC,ACCACGAGGC,CCACGAGG,CACGAG,strong
Bound_023710_110_000,GAAATGTTTTATGACCGCATGGCAGTATGTTCGGGT,8972,Bound,9.1018638956401,GACCGCATGGCA,ACCGCATGGC,CCGCATGG,CGCATG,strong
Bound_010508_011_000,CGCCCTCAGGGACCACACGTGTCAGATCTCCACCTC,8707,Bound,9.071882578828616,CCACACGTGTCA,CACACGTGTC,ACACGTGT,CACGTG,strong
Bound_010485_111_000,ATGAGTGAGGCTCGGCACGTGGGCTGGCACAGCTGC,9631,Bound,9.172742341560864,CGGCACGTGGGC,GGCACGTGGG,GCACGTGG,CACGTG,strong
Bound_008150_000_010,ATGATCTCGGGTGGGCACGTGTGTATATGGCATATA,10689,Bound,9.276970454273943,GGGCACGTGTGT,GGCACGTGTG,GCACGTGT,CACGTG,strong
Bound_017512_111_101,AAGGTGACTGCTACACACGTGGGGTCGCAGAATCCC,11398,Bound,9.341193180394946,ACACACGTGGGG,CACACGTGGG,ACACGTGG,CACGTG,strong
Bound_008676_101_100,GAGACACTGGCCTCCCACGTGTCTTTCAGGAAACAT,13139,Bound,9.483340185641822,TCCCACGTGTCT,CCCACGTGTC,CCACGTGT,CACGTG,strong
Bound_004547_101_101,CTTCCGCAGCTCCCCCACGTGCTAGCCCAGGCGGGT,14632,Bound,9.590966190070702,CCCCACGTGCTA,CCCACGTGCT,CCACGTGC,CACGTG,strong
Bound_011860_001_000,GAACTTTTTAGTTTGCACGTGCAGGTTTTGTTTCGT,14936,Bound,9.61152968522156,TTGCACGTGCAG,TGCACGTGCA,GCACGTGC,CACGTG,strong
Bound_019039_000_001,CACAGCCTCCAGCCCCACGTGGCAGGTTGCCTGGCA,17977,Bound,9.796848442046416,CCCCACGTGGCA,CCCACGTGGC,CCACGTGG,CACGTG,strong
Bound_021603_111_000,TCCTCTGTGTGTGAACATGTGCGTGTGTGTGTGAGT,8380,Bound,9.033603193476129,GAACATGTGCGT,AACATGTGCG,ACATGTGC,CATGTG,strong
Bound_007050_001_001,ACATAGGGACGGGGCCATGCGGTGGGCGGGTGGAAC,8734,Bound,9.074978734045509,GGCCATGCGGTG,GCCATGCGGT,CCATGCGG,CATGCG,strong
Bound_010731_111_001,ATGATGTCACTAGTGCACGTGCCCCGGGATGGTTGC,9073,Bound,9.11305824916963,GTGCACGTGCCC,TGCACGTGCC,GCACGTGC,CACGTG,strong
Bound_019471_111_101,GGGACACCAGGATACCACGCGGCCAGCACCGAAACG,10902,Bound,9.296701537624228,TACCACGCGGCC,ACCACGCGGC,CCACGCGG,CACGCG,strong
Bound_023455_000_100,TCCTCTGTCCTTCTGCACGTGGGCACCTACTAAGCT,11760,Bound,9.372459221452615,CTGCACGTGGGC,TGCACGTGGG,GCACGTGG,CACGTG,strong
Bound_004929_011_011,AGGGCGTACGCGACCCACGTGCGTAAACGGCCTCGC,13350,Bound,9.499271663828395,ACCCACGTGCGT,CCCACGTGCG,CCACGTGC,CACGTG,strong
Bound_001472_111_000,ACTGCCTGACCTGCGCACGTGTCCGGGAGAGCGCTG,14600,Bound,9.588776807696428,GCGCACGTGTCC,CGCACGTGTC,GCACGTGT,CACGTG,strong
Bound_017371_000_001,CCCCTGCTCTGTCTCCGCGTGGCACTTCCGATCCCC,16264,Bound,9.696709355308183,CTCCGCGTGGCA,TCCGCGTGGC,CCGCGTGG,CGCGTG,strong
Bound_015748_000_100,CCTGCCAAGGGTAACCACGTGCTGGGAGATTTGCAG,16431,Bound,9.706925073451831,AACCACGTGCTG,ACCACGTGCT,CCACGTGC,CACGTG,strong
Bound_017889_001_000,GGAATACAATAACCACACGTGTTATCTATTTTACAA,19829,Bound,9.894900791598806,CCACACGTGTTA,CACACGTGTT,ACACGTGT,CACGTG,strong
Bound_026098_000_001,AAGGCTCACAGTCTACACGTGTTCATATTTACATGC,20395,Bound,9.92304505175166,CTACACGTGTTC,TACACGTGTT,ACACGTGT,CACGTG,strong
Bound_012873_111_101,TCAGGCTCCCGGCTCCACGTGGACCGACCTCGCCCG,23711,Bound,10.073694354466978,CTCCACGTGGAC,TCCACGTGGA,CCACGTGG,CACGTG,strong
Bound_019297_000_100,GTCCTGTGAGCCAGCCACGTGGGTGCTGGTGATAAA,24658,Bound,10.112856670428496,AGCCACGTGGGT,GCCACGTGGG,CCACGTGG,CACGTG,strong
Bound_003657_110_000,ACACCTTCTAGTGTCCACGTGGGCTTCTTGGTATTT,28323,Bound,10.251429474400627,GTCCACGTGGGC,TCCACGTGGG,CCACGTGG,CACGTG,strong
Bound_016904_111_000,CCAGGGAGGGCTGGCCACGTGGCTGCAGCATCTCCT,30879,Bound,10.337831620194669,GGCCACGTGGCT,GCCACGTGGC,CCACGTGG,CACGTG,strong
Unbound_Myc1_109,CCCGGCGAGTCCCGGCCACCCGGCGCAGCCCTGGGC,1072,Unbound,6.977281341630747,CGGCCACCCGGC,GGCCACCCGG,GCCACCCG,CCACCC,unbound
Unbound_Myc1_010,CACCTTGCCCTTCCCAGGGTCACTGGGGCCCAGCAC,1192,Unbound,7.083387847625295,CCCAGGGTCACT,CCAGGGTCAC,CAGGGTCA,AGGGTC,unbound
Unbound_Myc2_002,CTTTAGATTTTTTTCTTACCTTGTTCTAGCAATTAG,1324,Unbound,7.188412736496954,TTCTTACCTTGT,TCTTACCTTG,CTTACCTT,TTACCT,unbound
Unbound_Myc1_062,CAGCAGGGAGAACAGGCCCTGAGCCAGGCCCCAACC,1392,Unbound,7.238496840894365,CAGGCCCTGAGC,AGGCCCTGAG,GGCCCTGA,GCCCTG,unbound
Unbound_Myc1_075,GGAAACTGAGGTCCAGGGTGTGCGGTCCCCGGCCTC,1546,Unbound,7.343426229147367,CCAGGGTGTGCG,CAGGGTGTGC,AGGGTGTG,GGGTGT,unbound
Bound_018393_001_000,CCCGCCGCGGAGCATCGCGTGCCCGGAGGCCAGAGC,1683,Bound,7.428333194190806,CATCGCGTGCCC,ATCGCGTGCC,TCGCGTGC,CGCGTG,unbound
Bound_006795_001_000,GGGCGCCTGCGGACACACATGCCCAGCGGCCGGGGC,1835,Bound,7.51479976048867,ACACACATGCCC,CACACATGCC,ACACATGC,CACATG,unbound
Bound_018440_011_010,TCGAGCACCGCCCCCCACGCGCCGATTTCCAAGGGC,2194,Bound,7.693481640835175,CCCCACGCGCCG,CCCACGCGCC,CCACGCGC,CACGCG,unbound
Bound_011573_000_101,GAGATACTTGCTGGGCATGTGTGATGTAGTCTTAGT,2269,Bound,7.727094484779841,GGGCATGTGTGA,GGCATGTGTG,GCATGTGT,CATGTG,unbound
Bound_001259_100_000,CTCTTCCATCCAGTCCATGAGGTAGAGCAGGTCCTG,2691,Bound,7.897668150726906,GTCCATGAGGTA,TCCATGAGGT,CCATGAGG,CATGAG,unbound
Bound_023674_111_111,AGCCCCGCCTCTATCCGCATGGAGGCGGGAATTGCC,2750,Bound,7.919356190660617,ATCCGCATGGAG,TCCGCATGGA,CCGCATGG,CGCATG,unbound
Unbound_Myc1_117,AAGCCCCGCCAGCGCGCTGTCGCCGGCGCTGGGCTC,1072,Unbound,6.977281341630747,CGCGCTGTCGCC,GCGCTGTCGC,CGCTGTCG,GCTGTC,unbound
Unbound_Myc1_059,CTCAGGAACAAGAGGGGCCCTCGACCCTCTGGAACC,1150,Unbound,7.047517221357296,AGGGGCCCTCGA,GGGGCCCTCG,GGGCCCTC,GGCCCT,unbound
Unbound_Myc2_137,AGGCGCCATTCTCTCCACCATCACCCCTCCTATGTT,1231,Unbound,7.115582126184454,CTCCACCATCAC,TCCACCATCA,CCACCATC,CACCAT,unbound
Unbound_Myc1_082,CGGGCTGCCGAGGGGCCAACCCAGGCGGGGCGGGCG,1398,Unbound,7.242797922793756,GGGCCAACCCAG,GGCCAACCCA,GCCAACCC,CCAACC,unbound
Bound_003587_010_000,GCAGGGAACCTCCGCAGCATGGAGACGCTGGACAGA,1579,Bound,7.364547014255642,CGCAGCATGGAG,GCAGCATGGA,CAGCATGG,AGCATG,unbound
Unbound_Myc1_052,CCAGCCCAGCGCTCTGGGAGGCCCAGGCAGAAGGAT,1749,Unbound,7.466799475018602,TCTGGGAGGCCC,CTGGGAGGCC,TGGGAGGC,GGGAGG,unbound
Bound_024591_000_011,CTCTGGTGACCTCAGCACGCTGCATCACTGTCCCCG,1959,Bound,7.580189417944541,CAGCACGCTGCA,AGCACGCTGC,GCACGCTG,CACGCT,unbound
Bound_019767_001_001,TGCCAGACGGGGAGCAGCGTGCGCCGGGTCGGGTCT,2188,Bound,7.690743163541872,AGCAGCGTGCGC,GCAGCGTGCG,CAGCGTGC,AGCGTG,unbound
Bound_020154_001_001,TCCTGGTGGCCCCGCCTCGTGTCCCCCCCCGGACCC,2382,Bound,7.775695749915245,CGCCTCGTGTCC,GCCTCGTGTC,CCTCGTGT,CTCGTG,unbound
Bound_025411_001_001,AGCCCCCAGCCCTCCCATGCGGAAGAGTCTGGCTGG,2570,Bound,7.851661177889265,TCCCATGCGGAA,CCCATGCGGA,CCATGCGG,CATGCG,unbound
Bound_012327_010_000,CAGACCTACAATGTCCATGCTGCCACAGAGACAGGA,2755,Bound,7.9211727215870145,GTCCATGCTGCC,TCCATGCTGC,CCATGCTG,CATGCT,unbound
Unbound_Myc1_030,TGTGGAGCAAGGGAGACAGAAGCTCATTGGCTAGAG,1072,Unbound,6.977281341630747,GAGACAGAAGCT,AGACAGAAGC,GACAGAAG,ACAGAA,unbound
Unbound_Myc2_071,AGCTAACCTAACCTAACCTAACCTTGAATTTGTGTC,1184,Unbound,7.076653815443951,CTAACCTAACCT,TAACCTAACC,AACCTAAC,ACCTAA,unbound
Unbound_Myc2_014,AGAAAGAAATACCTGCGTAATAAGTAACTATAAAAA,1262,Unbound,7.140453043101158,CTGCGTAATAAG,TGCGTAATAA,GCGTAATA,CGTAAT,unbound
Unbound_Myc1_070,TGAGGGTCAGAGGCACCCCTTCCTGGAATCTCCTTC,1444,Unbound,7.275172319452771,GCACCCCTTCCT,CACCCCTTCC,ACCCCTTC,CCCCTT,unbound
Unbound_Myc1_061,TTTAACCATCATCGGGACTTGGATTTTTTCAATTTA,1560,Unbound,7.352441100243583,CGGGACTTGGAT,GGGACTTGGA,GGACTTGG,GACTTG,unbound
Unbound_Myc1_049,GACTTCCCCGGCGGACGCTGTGTGCCCTGGCCTTGG,1664,Unbound,7.416979621381154,GGACGCTGTGTG,GACGCTGTGT,ACGCTGTG,CGCTGT,unbound
Bound_023017_010_010,TACCAGCAGGCCCTCCACGTTGATGGGGTCTCGGCA,1810,Bound,7.501082124259871,CTCCACGTTGAT,TCCACGTTGA,CCACGTTG,CACGTT,unbound
Unbound_Myc2_103,TATTTTTAGTAGAAATGGGGTTTCACCATTGTTGGC,2023,Unbound,7.612336837167746,AAATGGGGTTTC,AATGGGGTTT,ATGGGGTT,TGGGGT,unbound
Bound_015378_001_000,ACGAGAGCCCATACCAACGTGCAACGCAGCCGTGCA,2425,Bound,7.793586803371584,ACCAACGTGCAA,CCAACGTGCA,CAACGTGC,AACGTG,unbound
Bound_018256_000_100,CCGGAAGGAGGAACTCACGAGGCCCGAGATTGCTAT,2548,Bound,7.843064016692054,ACTCACGAGGCC,CTCACGAGGC,TCACGAGG,CACGAG,unbound
Bound_004594_100_000,CAGAGTAGCAGTAACCTCATGGTTCTCAAGCCTGAC,2917,Bound,7.978310969867722,AACCTCATGGTT,ACCTCATGGT,CCTCATGG,CTCATG,unbound
Unbound_Myc1_134,GACTGGACCCCAGAATTGTCCCGGCTTTCTCCCGAG,1063,Unbound,6.968850378341948,GAATTGTCCCGG,AATTGTCCCG,ATTGTCCC,TTGTCC,unbound
Unbound_Myc2_125,AAAAAAAAAAAAAAAACGAAACAAAAAATCACCTGA,1196,Unbound,7.086737934510577,AAAACGAAACAA,AAACGAAACA,AACGAAAC,ACGAAA,unbound
Unbound_Myc1_118,GGAGGGGATGCGGAAGGTTCTGCAGCTGCGGCGGCG,1262,Unbound,7.140453043101158,GAAGGTTCTGCA,AAGGTTCTGC,AGGTTCTG,GGTTCT,unbound
Unbound_Myc1_064,GCAAGTGTCCGGGAGAGCGCGGCGCGGGCTGCAGCC,1418,Unbound,7.257002707092073,GAGAGCGCGGCG,AGAGCGCGGC,GAGCGCGG,AGCGCG,unbound
Unbound_Myc1_050,ATTAAAGGGGCTTGGGCTGCTTGAAGCTACAATTAG,1570,Unbound,7.358830898342354,TGGGCTGCTTGA,GGGCTGCTTG,GGCTGCTT,GCTGCT,unbound
Unbound_Myc1_053,TCCAGTGGCCCCAGGAGGGCCTGGGTGCTCCTCTGC,1738,Unbound,7.460490305825338,AGGAGGGCCTGG,GGAGGGCCTG,GAGGGCCT,AGGGCC,unbound
Unbound_Myc1_100,TTTATAGCTGGCAGCTCTGCTGGCCTGTCTGTCCCT,1916,Unbound,7.557994958530806,AGCTCTGCTGGC,GCTCTGCTGG,CTCTGCTG,TCTGCT,unbound
Unbound_Myc2_031,TAAATAAGGTTTATAGTTAAGTATTTAGTCTTAAGT,2095,Unbound,7.647308832356238,ATAGTTAAGTAT,TAGTTAAGTA,AGTTAAGT,GTTAAG,unbound
Unbound_Myc2_117,TCCAATAAAAAAGAATAAAAAAGAAATACCTGGGTC,2248,Unbound,7.717796211013582,GAATAAAAAAGA,AATAAAAAAG,ATAAAAAA,TAAAAA,unbound
Unbound_Myc2_143,ACCAAAAAAAAAAAAAAAAAAAAAACTCATCCCCAA,2645,Unbound,7.8804263442924,AAAAAAAAAAAA,AAAAAAAAAA,AAAAAAAA,AAAAAA,unbound
Unbound_Myc1_105,GAGAATGGGGTGAACCCGGGAGGCGGAGCTTGCAGT,1001,Unbound,6.90875477931522,AACCCGGGAGGC,ACCCGGGAGG,CCCGGGAG,CCGGGA,unbound
Unbound_Myc1_147,TAATTTTTTTCCAAAAAAGTTTTGCATTGACAGCTG,1204,Unbound,7.093404625868766,AAAAAAGTTTTG,AAAAAGTTTT,AAAAGTTT,AAAGTT,unbound
Unbound_Myc1_031,CCAGGAAGGGTTGCTCCAGGCGACTCCCATCAGGGA,1339,Unbound,7.199678345691172,GCTCCAGGCGAC,CTCCAGGCGA,TCCAGGCG,CCAGGC,unbound
Unbound_Myc1_146,AGAGCAAGGGCCCAGCAGAGGAGGAATTCCAGGGGA,1428,Unbound,7.2640301428995295,CAGCAGAGGAGG,AGCAGAGGAG,GCAGAGGA,CAGAGG,unbound
Unbound_Myc2_113,GAAGTCAAGGTCCTATGACTAGGAATGTTAAACTGG,1496,Unbound,7.310550158534422,CTATGACTAGGA,TATGACTAGG,ATGACTAG,TGACTA,unbound
Unbound_Myc2_051,TTTTTTTTTTTGGTTTTTTTTTTTTTTGGTTTTTTT,1646,Unbound,7.406103381237015,GTTTTTTTTTTT,TTTTTTTTTT,TTTTTTTT,TTTTTT,unbound
Unbound_Myc2_141,CAGCCTGTTGTTGGCCAGATGGTCTGGGGTGAAACT,1827,Unbound,7.510430556378006,GGCCAGATGGTC,GCCAGATGGT,CCAGATGG,CAGATG,unbound
Unbound_Myc2_072,TACCAGGCATAGGACATTTTCCTTTAATCCTAATAA,2034,Unbound,7.617759576608505,GACATTTTCCTT,ACATTTTCCT,CATTTTCC,ATTTTC,unbound
Bound_011227_110_000,AAGAATAAACCATATCACATGGGTTTTGGGTAACGT,3253,Bound,8.087332926473351,TATCACATGGGT,ATCACATGGG,TCACATGG,CACATG,weak
Bound_025513_111_000,TCCACTGGGGTCGGACACGAGGGATGGGATTTCTGT,3628,Bound,8.196436811235028,GGACACGAGGGA,GACACGAGGG,ACACGAGG,CACGAG,weak
Bound_010331_011_000,TTTGCTTGTAGCATACATGTGGCTAAGGCTCAGCAC,3872,Bound,8.261526448396468,ATACATGTGGCT,TACATGTGGC,ACATGTGG,CATGTG,weak
Bound_006279_010_000,ACAGCACTCCCTTTCCTCGTGGAAGTATGGACAGGT,4139,Bound,8.328209491748732,TTCCTCGTGGAA,TCCTCGTGGA,CCTCGTGG,CTCGTG,weak
Bound_004609_001_101,GCCTCAGCTGTCCCCCACGTTGCGGGCGGGAGGGGC,4589,Bound,8.431417414394833,CCCCACGTTGCG,CCCACGTTGC,CCACGTTG,CACGTT,weak
Bound_013720_001_000,AACCCGCGACCGGTCCACGCGGCACCCGCCTCTCCC,4949,Bound,8.506940814951886,GTCCACGCGGCA,TCCACGCGGC,CCACGCGG,CACGCG,weak
Bound_005918_000_111,AGGGCGCCGGGCCTGCACGTGGGACCCGCAGGAAAC,8931,Bound,9.097283649683886,CTGCACGTGGGA,TGCACGTGGG,GCACGTGG,CACGTG,strong
Bound_012634_001_000,AGCTGCCCACCATCCCGCGTGGGAGGCAGGCAGAGC,9449,Bound,9.153664194782626,TCCCGCGTGGGA,CCCGCGTGGG,CCGCGTGG,CGCGTG,strong
Bound_022358_111_101,GATAGATGAGCCTTCCACGCGGGAGACCTGGATCCT,10629,Bound,9.271341393533582,TTCCACGCGGGA,TCCACGCGGG,CCACGCGG,CACGCG,strong
Bound_009019_010_001,CTCCATCTGGGGTACCTCGTGGTCTGTCTTACAAGA,11447,Bound,9.345482965918476,TACCTCGTGGTC,ACCTCGTGGT,CCTCGTGG,CTCGTG,strong
Bound_022218_011_011,CACAAAACAGAAACACATGTGCGGCCGCGCGGCAAG,12174,Bound,9.40705780905387,ACACATGTGCGG,CACATGTGCG,ACATGTGC,CATGTG,strong
Bound_017316_000_101,TTTCCGCTTTGTGGCCACATGGTGTCAGATGAATAT,8762,Bound,9.078179468373843,GGCCACATGGTG,GCCACATGGT,CCACATGG,CACATG,strong
Bound_006918_010_100,GAAAACCAGCGAGACCGCATGGTCTCACTTATAAGT,9440,Bound,9.152711259139547,GACCGCATGGTC,ACCGCATGGT,CCGCATGG,CGCATG,strong
Bound_021820_000_100,CCGAGGAGGGCGGACCACGAGGTCAGGAGATGGAGA,10191,Bound,9.229260256828693,GACCACGAGGTC,ACCACGAGGT,CCACGAGG,CACGAG,strong
Bound_013968_111_100,CCCCTTCTTAAACCCCATGCGGTCCCGGCCCGGGCC,12281,Bound,9.415808631610384,CCCCATGCGGTC,CCCATGCGGT,CCATGCGG,CATGCG,strong
Bound_017574_010_000,TGGCTCAGGAGTGGACACGTGCCCTGAGCCAGTCTA,8664,Bound,9.066931788680826,GGACACGTGCCC,GACACGTGCC,ACACGTGC,CACGTG,strong
Bound_022425_111_101,ACTCTGCAACCAAGGCACGTGCATTCTGGTCATCCC,9468,Bound,9.155672970633875,AGGCACGTGCAT,GGCACGTGCA,GCACGTGC,CACGTG,strong
Bound_024378_101_111,AGAGTTCGGAAATCACACGTGTCCTTTTTCCCGCTC,10914,Bound,9.297801647746176,TCACACGTGTCC,CACACGTGTC,ACACGTGT,CACGTG,strong
