sequence,bind_avg,binding_type,improving
GTACACAATTTTTTACAAAATTTAAATTAAAACAAA,-0.8626671853144092,0,1
GCAGCCGAGGCGGAGAGAGAGAGAGGACAGCTTACG,-0.7033185118234613,0,1
AGCTTTCTCCACAAATTGATTTGGAACATTGACTCT,-0.6851856487244552,0,1
CCTTCCCCAGAGCCGGCTGCCCTCTCCTGCTGCCTG,-0.5383779970608131,0,1
CGGGCCCTGACCCCTCGCGTGCCCCGCCCCCGCAGG,-0.4227522733685163,0,1
CTTCCGTAGGGCCGGCACGCTGGCCCTGACACACTT,-0.3572208106681556,0,1
TGTGCGAGTTCTGCGCACGCGCAGCCAGCTGCCCGC,-0.2122662385635561,0,1
TCCACCCTTCTCCCCAGCGTGCTGTACTGCTGGGGA,-0.16044117069897013,0,1
GACGGCCGGCGGTCACACATGCCACACCCCCAAGCC,-0.005151927615390406,0,1
TCTTGGCCCCGCCCCCTCGTGGGAGCAGGTCCTGGC,0.05233516330229193,1,0
GCCGCACTCTTCACCCGCATGTCCAGAGGGCGGCCG,0.1264431354560136,1,0
GCTACAGGGCCCGGTCACGAGGCCAACGTAGCTCCA,0.22768504561577796,1,0
CCTAGGATTCCCAGGCAGTTTTACAGCTACCCTGGA,-0.8414349652086353,0,1
TAAGGGGTGACCCAGCCGCTGCAGAGCCAGGGAAGG,-0.71066473402544,0,1
TCTCTGGCCTCGGGTAACTTTTCCCTCCAGTTTGGT,-0.6225019464307691,0,1
GAGGCATCCGTGAAGACAAAGATATCTGAGAGTGGA,-0.5836058559065354,0,1
AACCCTAACCCCTACCCCTAACCCCTAACCCTTACC,-0.4579176407430383,0,1
AGAGGGGCCGGATGAGCCACTGGAGATCGAGTGCAG,-0.33926009694172254,0,1
AAAAAGTTCTGTGGTTTGCCCTTAAAATGCCTCAAG,-0.2580932719483755,0,1
AATACTGTAGATCGCAGCATGTAAGGACTAACCCAG,-0.12904141683099013,0,1
CTGAGACTGCGGCTGCATGTGGGAAAGGTCTTGTGG,-0.07782540518237813,0,1
AAGCGGGCCGCAGCCAACGTGCGGCGCCCGCACCGC,0.060467029213420176,1,0
AGCAGGCCTATCAGCCACGTTGACAACCCTGGATGA,0.16288203464148943,1,0
CTCTTAAACACTCACCATGCTGCTCTTACTCCGGAG,0.21315518592806804,1,0
CCAGCCTGGACCGCCCCTGTGGGCTCCACTCCCCTC,-0.8372420869485993,0,1
CACTCCACTCCAGTTCACTCTATTCAGTTCCACTCC,-0.7311496216580524,0,1
CTCAGGCCCCAGGTCTCAGAGCCTGGTCTCAGGCCT,-0.6656120700844967,0,1
CACAGAAATACAGGAAGCAATAATGAGTTTCATAAG,-0.5548038650028291,0,1
GGTCCTCCCCTAGCGGAGGCGGCCTCCGCTTGATGG,-0.405622700711179,0,1
AACAAAACAAAACAAAACAAAACAAAACAAAACAAA,-0.3546351595831334,0,1
ACTTGCTGGGAAGGGCGGGACTGGCTCTGCTCGCCC,-0.22296152768030453,0,1
TGAGGTTTCTGGGATTCTTGCTTTTCCTGCCTCAGT,-0.19947051460470533,0,1
CAGCGCAGGGTCCGGGTTCGCTGGGAGGCCGGCGGC,-0.0906334620457887,0,1
TGTGAAGGGACTTTCCACATGGGACTTCAGTCACAG,0.308698182988528,1,0
GCCAAGCAGTGCTTCCACGAGGAGGTGGAGCAGGGC,0.4533497579988923,1,0
GATGATAATATATGACATGTGCCCCAGAAAGCAGGA,0.5885344594139168,1,0
AGAGCCGGATTCTCCCTCGTGGGTGGCTACAGGATA,0.6586662831880004,1,0
GCCCGGCCCCCACCCCACGCGGCGCTGGAGGCCGCG,0.7281433745827259,1,0
GCCATCTATTGCCACCATGCGGCTTCCCAGTGAAAC,0.8965587467969778,1,0
CCGGCGCGCGGCTTCCGCGTGGCAGGCCGCCCCGCT,0.9633693015738389,1,0
GGGGCTCTGCCGTGGCACGTGCAGCGTCTGTCCCCC,1.0653024887481957,1,0
GCAATCGGGGCGGGCCGCATGGAGGCGGGGCGGGAG,1.1505176217467197,1,0
AATAACAGTGCCTACCTCATGGGCAAGTGAGGATTA,0.3595923288875449,1,0
TCCCTCATTATTCTCCACGTTGGTATCTTGAGAGGG,0.4673519870560705,1,0
TTCATCTCCACAAACAACGTGGGTAGGATAGGCGCT,0.5822300632966853,1,0
CCACCATCTTGACACCATGAGGTAACAATAAAAGAA,0.6101690219819114,1,0
ACACCCTCCCCGCCCCATGCTGCCCACCCGCTGAGG,0.8961891976427347,1,0
CGGGGCGGGGCGGGCAGCGTGGTCGCGGCCCGGGCC,0.9685399439107618,1,0
AGTGGCTGGTTCCGCCACGCTGCCGGAAAGCGCCCC,0.31763715990847796,1,0
GATGGGCAGTCTGGCAGCATGGTGCCACAAGATAGG,0.4859074814823243,1,0
TTAGAAAAATAGTTTAAAATCTAGAGTTAATTAACC,0.3026941622839372,1,0
GCAAGGTGGTCCGGACATGTGAGCAACACAAATGAT,0.3149968943483019,1,0
TACGGCAATGCAGGCCACGCGTCTGATCCCAAACGA,0.40741881171997374,1,0
GGCGGGGTGACGGGGCACGAGGCCGGGATTCCACCG,0.5615264483964681,1,0
ATCAACTCTGGGTCCCATGTGCACAGACTGCATACC,0.6406946479250708,1,0
TCCAAGTCTCCTTAGCACATGTTTATAACAAGTACC,0.7698919182982236,1,0
CTGCAGGATGACTCACACGTGCCGTGCCTGCCTCGC,0.8281331314545719,1,0
GATGAAGCAAGCCACCATGTGGTGAGCTGCCCTACT,0.9385254765837621,1,0
CTGGTGGCAGCCTAGCACATGGGACCCACCCACCAC,1.04528448245438,1,0
CTCAGGGCAGTTGGGCACGTGGGGTCCGGCTGGTTG,1.1674274385249825,1,0
GGCCGCGCGCGCGCGCGCGTGGCCGCCGGTCCCTCC,1.2846936904438548,1,0
AGGATGAAGGGAGGACACGAGGGTCGGTGTAGTTCT,0.3126809297068389,1,0
GGGCCGAGCCGGCGCCTCGTGCGCTTGCGGGGTGCA,0.4545001751519413,1,0
TGCCCTGAGCGGCGCCACGCGCTCTCAGCGGGAGGG,0.5071291680713257,1,0
TCCGCTTGTACGGAACGCGTGTCCAAGAGGGAAGGC,0.6772412309887921,1,0
TTAAGACAGTCATGCCACATGTATAAACCAAATGCT,0.7669519749794906,1,0
ACCAGGACCGACCCCCGCGTGGGATACGGGGCCTGC,1.3546217969767644,2,0
TCCCACTCCAGCTGACACGTGCCAGCCTCCCAACCA,1.4444142218600158,2,0
GATGAAGGGGTGGGCCACATGGTCATTAGTCTTTTT,1.5214781163866382,2,0
ATCGCTAACATCTGCCATGTGGTCCTTACTGCAAAT,1.602007560502007,2,0
CTGATTCCCTCCCACCACGCGGTTCCCAGGCTCGCG,1.7232719582139753,2,0
GGCTCCGCCCCCGCCCATGCGGTCCCTCCAGGCGGG,1.3209942002452637,2,0
AACCACTCGACTGACCTCGTGGTCAAATTCCTTACT,1.4721191591559846,2,0
CCACCACAAAGCAGCCACGTTGTGTGTGTGTGTGTG,1.5426139325264776,2,0
CCCCCACTTCAACACCACGAGGCCCCGCCCCCACTT,1.3172409420103497,2,0
GAAATGTTTTATGACCGCATGGCAGTATGTTCGGGT,1.4018638956401004,2,0
CGCCCTCAGGGACCACACGTGTCAGATCTCCACCTC,1.3718825788286155,2,0
ATGAGTGAGGCTCGGCACGTGGGCTGGCACAGCTGC,1.4727423415608643,2,0
ATGATCTCGGGTGGGCACGTGTGTATATGGCATATA,1.5769704542739431,2,0
AAGGTGACTGCTACACACGTGGGGTCGCAGAATCCC,1.6411931803949455,2,0
GAGACACTGGCCTCCCACGTGTCTTTCAGGAAACAT,1.7833401856418218,2,0
CTTCCGCAGCTCCCCCACGTGCTAGCCCAGGCGGGT,1.890966190070702,2,0
GAACTTTTTAGTTTGCACGTGCAGGTTTTGTTTCGT,1.9115296852215602,2,0
CACAGCCTCCAGCCCCACGTGGCAGGTTGCCTGGCA,2.096848442046416,2,0
TCCTCTGTGTGTGAACATGTGCGTGTGTGTGTGAGT,1.3336031934761285,2,0
ACATAGGGACGGGGCCATGCGGTGGGCGGGTGGAAC,1.3749787340455084,2,0
ATGATGTCACTAGTGCACGTGCCCCGGGATGGTTGC,1.4130582491696293,2,0
GGGACACCAGGATACCACGCGGCCAGCACCGAAACG,1.5967015376242282,2,0
TCCTCTGTCCTTCTGCACGTGGGCACCTACTAAGCT,1.6724592214526153,2,0
AGGGCGTACGCGACCCACGTGCGTAAACGGCCTCGC,1.799271663828395,2,0
ACTGCCTGACCTGCGCACGTGTCCGGGAGAGCGCTG,1.888776807696428,2,0
CCCCTGCTCTGTCTCCGCGTGGCACTTCCGATCCCC,1.996709355308183,2,0
CCTGCCAAGGGTAACCACGTGCTGGGAGATTTGCAG,2.006925073451831,2,0
GGAATACAATAACCACACGTGTTATCTATTTTACAA,2.1949007915988057,2,0
AAGGCTCACAGTCTACACGTGTTCATATTTACATGC,2.2230450517516607,2,0
TCAGGCTCCCGGCTCCACGTGGACCGACCTCGCCCG,2.373694354466978,2,0
GTCCTGTGAGCCAGCCACGTGGGTGCTGGTGATAAA,2.4128566704284955,2,0
ACACCTTCTAGTGTCCACGTGGGCTTCTTGGTATTT,2.551429474400627,2,0
CCAGGGAGGGCTGGCCACGTGGCTGCAGCATCTCCT,2.6378316201946683,2,0
CCCGGCGAGTCCCGGCCACCCGGCGCAGCCCTGGGC,-0.7227186583692529,0,1
CACCTTGCCCTTCCCAGGGTCACTGGGGCCCAGCAC,-0.6166121523747048,0,1
CTTTAGATTTTTTTCTTACCTTGTTCTAGCAATTAG,-0.5115872635030465,0,1
CAGCAGGGAGAACAGGCCCTGAGCCAGGCCCCAACC,-0.4615031591056349,0,1
GGAAACTGAGGTCCAGGGTGTGCGGTCCCCGGCCTC,-0.3565737708526333,0,1
CCCGCCGCGGAGCATCGCGTGCCCGGAGGCCAGAGC,-0.2716668058091942,0,1
GGGCGCCTGCGGACACACATGCCCAGCGGCCGGGGC,-0.1852002395113299,0,1
TCGAGCACCGCCCCCCACGCGCCGATTTCCAAGGGC,-0.006518359164824794,0,1
GAGATACTTGCTGGGCATGTGTGATGTAGTCTTAGT,0.02709448477984111,1,0
CTCTTCCATCCAGTCCATGAGGTAGAGCAGGTCCTG,0.1976681507269058,1,0
AGCCCCGCCTCTATCCGCATGGAGGCGGGAATTGCC,0.2193561906606165,1,0
AAGCCCCGCCAGCGCGCTGTCGCCGGCGCTGGGCTC,-0.7227186583692529,0,1
CTCAGGAACAAGAGGGGCCCTCGACCCTCTGGAACC,-0.6524827786427041,0,1
AGGCGCCATTCTCTCCACCATCACCCCTCCTATGTT,-0.5844178738155463,0,1
CGGGCTGCCGAGGGGCCAACCCAGGCGGGGCGGGCG,-0.4572020772062446,0,1
GCAGGGAACCTCCGCAGCATGGAGACGCTGGACAGA,-0.3354529857443582,0,1
CCAGCCCAGCGCTCTGGGAGGCCCAGGCAGAAGGAT,-0.23320052498139798,0,1
CTCTGGTGACCTCAGCACGCTGCATCACTGTCCCCG,-0.11981058205545914,0,1
TGCCAGACGGGGAGCAGCGTGCGCCGGGTCGGGTCT,-0.009256836458128248,0,1
TCCTGGTGGCCCCGCCTCGTGTCCCCCCCCGGACCC,0.07569574991524508,1,0
AGCCCCCAGCCCTCCCATGCGGAAGAGTCTGGCTGG,0.15166117788926492,1,0
CAGACCTACAATGTCCATGCTGCCACAGAGACAGGA,0.2211727215870143,1,0
TGTGGAGCAAGGGAGACAGAAGCTCATTGGCTAGAG,-0.7227186583692529,0,1
AGCTAACCTAACCTAACCTAACCTTGAATTTGTGTC,-0.6233461845560493,0,1
AGAAAGAAATACCTGCGTAATAAGTAACTATAAAAA,-0.559546956898842,0,1
TGAGGGTCAGAGGCACCCCTTCCTGGAATCTCCTTC,-0.42482768054722886,0,1
TTTAACCATCATCGGGACTTGGATTTTTTCAATTTA,-0.3475588997564172,0,1
GACTTCCCCGGCGGACGCTGTGTGCCCTGGCCTTGG,-0.2830203786188461,0,1
TACCAGCAGGCCCTCCACGTTGATGGGGTCTCGGCA,-0.1989178757401291,0,1
TATTTTTAGTAGAAATGGGGTTTCACCATTGTTGGC,-0.0876631628322544,0,1
ACGAGAGCCCATACCAACGTGCAACGCAGCCGTGCA,0.09358680337158365,1,0
CCGGAAGGAGGAACTCACGAGGCCCGAGATTGCTAT,0.14306401669205382,1,0
CAGAGTAGCAGTAACCTCATGGTTCTCAAGCCTGAC,0.2783109698677215,1,0
GACTGGACCCCAGAATTGTCCCGGCTTTCTCCCGAG,-0.7311496216580524,0,1
AAAAAAAAAAAAAAAACGAAACAAAAAATCACCTGA,-0.6132620654894234,0,1
GGAGGGGATGCGGAAGGTTCTGCAGCTGCGGCGGCG,-0.559546956898842,0,1
GCAAGTGTCCGGGAGAGCGCGGCGCGGGCTGCAGCC,-0.44299729290792733,0,1
ATTAAAGGGGCTTGGGCTGCTTGAAGCTACAATTAG,-0.3411691016576466,0,1
TCCAGTGGCCCCAGGAGGGCCTGGGTGCTCCTCTGC,-0.2395096941746626,0,1
TTTATAGCTGGCAGCTCTGCTGGCCTGTCTGTCCCT,-0.14200504146919446,0,1
TAAATAAGGTTTATAGTTAAGTATTTAGTCTTAAGT,-0.05269116764376225,0,1
TCCAATAAAAAAGAATAAAAAAGAAATACCTGGGTC,0.01779621101358142,1,0
ACCAAAAAAAAAAAAAAAAAAAAAACTCATCCCCAA,0.18042634429239968,1,0
GAGAATGGGGTGAACCCGGGAGGCGGAGCTTGCAGT,-0.7912452206847798,0,1
TAATTTTTTTCCAAAAAAGTTTTGCATTGACAGCTG,-0.606595374131234,0,1
CCAGGAAGGGTTGCTCCAGGCGACTCCCATCAGGGA,-0.500321654308828,0,1
AGAGCAAGGGCCCAGCAGAGGAGGAATTCCAGGGGA,-0.43596985710047065,0,1
GAAGTCAAGGTCCTATGACTAGGAATGTTAAACTGG,-0.38944984146557804,0,1
TTTTTTTTTTTGGTTTTTTTTTTTTTTGGTTTTTTT,-0.293896618762985,0,1
CAGCCTGTTGTTGGCCAGATGGTCTGGGGTGAAACT,-0.1895694436219939,0,1
TACCAGGCATAGGACATTTTCCTTTAATCCTAATAA,-0.08224042339149484,0,1
AAGAATAAACCATATCACATGGGTTTTGGGTAACGT,0.38733292647335116,1,0
TCCACTGGGGTCGGACACGAGGGATGGGATTTCTGT,0.4964368112350277,1,0
TTTGCTTGTAGCATACATGTGGCTAAGGCTCAGCAC,0.5615264483964681,1,0
ACAGCACTCCCTTTCCTCGTGGAAGTATGGACAGGT,0.6282094917487315,1,0
GCCTCAGCTGTCCCCCACGTTGCGGGCGGGAGGGGC,0.7314174143948327,1,0
AACCCGCGACCGGTCCACGCGGCACCCGCCTCTCCC,0.8069408149518855,1,0
AGGGCGCCGGGCCTGCACGTGGGACCCGCAGGAAAC,1.397283649683886,2,0
AGCTGCCCACCATCCCGCGTGGGAGGCAGGCAGAGC,1.4536641947826263,2,0
GATAGATGAGCCTTCCACGCGGGAGACCTGGATCCT,1.571341393533582,2,0
CTCCATCTGGGGTACCTCGTGGTCTGTCTTACAAGA,1.6454829659184762,2,0
CACAAAACAGAAACACATGTGCGGCCGCGCGGCAAG,1.707057809053869,2,0
TTTCCGCTTTGTGGCCACATGGTGTCAGATGAATAT,1.378179468373843,2,0
GAAAACCAGCGAGACCGCATGGTCTCACTTATAAGT,1.452711259139547,2,0
CCGAGGAGGGCGGACCACGAGGTCAGGAGATGGAGA,1.5292602568286933,2,0
CCCCTTCTTAAACCCCATGCGGTCCCGGCCCGGGCC,1.7158086316103836,2,0
TGGCTCAGGAGTGGACACGTGCCCTGAGCCAGTCTA,1.3669317886808257,2,0
ACTCTGCAACCAAGGCACGTGCATTCTGGTCATCCC,1.4556729706338745,2,0
AGAGTTCGGAAATCACACGTGTCCTTTTTCCCGCTC,1.5978016477461763,2,0
